{
  "project_info": {
    "project_number": "37126187989",
    "firebase_url": "https://garmentfactory-ee278.firebaseio.com",
    "project_id": "garmentfactory-ee278",
    "storage_bucket": "garmentfactory-ee278.appspot.com"
  },
  "client": [
    {
      "client_info": {
        "mobilesdk_app_id": "1:37126187989:android:b1087631cb6c85b0e56b5c",
        "android_client_info": {
          "package_name": "com.hfad.garmentfactoryproject"
        }
      },
      "oauth_client": [
        {
          "client_id": "37126187989-a4tj304250q2bf4vflks41ebdfkcc5as.apps.googleusercontent.com",
          "client_type": 1,
          "android_info": {
            "package_name": "com.hfad.garmentfactoryproject",
            "certificate_hash": "92647e20203cb7e53e9ca547c26f8050a2e16861"
          }
        },
        {
          "client_id": "37126187989-d0j2ujdad26k7eldr9nllnrk3ka4ukjj.apps.googleusercontent.com",
          "client_type": 3
        }
      ],
      "api_key": [
        {
          "current_key": "AIzaSyBF706OoHkS1gEzlEjwB0TUiCdif-uuips"
        }
      ],
      "services": {
        "appinvite_service": {
          "other_platform_oauth_client": [
            {
              "client_id": "37126187989-d0j2ujdad26k7eldr9nllnrk3ka4ukjj.apps.googleusercontent.com",
              "client_type": 3
            }
          ]
        }
      }
    }
  ],
  "configuration_version": "1"
}